timestamp_s,queue_length
0,0
60,0
120,0
180,0
240,0
300,0
360,0
420,0
480,1
540,1
600,1
660,1
720,1
780,1
840,1
900,1
960,1
1020,1
1080,1
1140,1
1200,2
1260,2
1320,2
1380,2
1440,2
1500,2
1560,2
1620,2
1680,2
1740,2
1800,2
